id,firstname,lastname,profession,Field Name
100,Magdalena,Keily,singer,Estonia
101,Kathi,Cherianne,producer,Guadeloupe
102,Karly,Fry,producer,Bangladesh
103,Katleen,Wattenberg,producer,Switzerland
104,Jordan,Chick,producer,Antarctica
105,Susan,Gwenore,musician,Guernsey
106,Jasmina,Tengdin,musician,Aruba
107,Layla,Hoenack,musician,Madagascar
108,Tressa,Birdella,singer,Ecuador
109,Kerrin,Cosenza,musician,Greenland
110,Helsa,Seligman,producer,New Zealand
111,Mara,Lauraine,singer,Montserrat
112,Stacey,Joni,singer,"Tanzania, United Republic of"
113,Annaliese,Lail,producer,Paraguay
114,Janenna,Hartnett,musician,Bulgaria
115,Tani,Swigart,musician,Iraq
116,Lorie,Ariella,producer,Saint Pierre and Miquelon
117,Lorenza,Rossner,producer,Hong Kong
118,Patricia,Edmund,producer,Myanmar
119,Ellette,Bennie,singer,Sao Tome and Principe
120,Joy,Jagir,singer,Bosnia and Herzegovina
121,Bobinette,Ethban,producer,Egypt
122,Jordan,Cutlerr,producer,Sudan
123,Ronna,Susannah,producer,Niue
124,Kimberley,Si,producer,Saint Pierre and Miquelon
125,Tressa,Tremayne,singer,Guernsey
126,Deane,Japeth,producer,Antarctica
127,Zsa Zsa,Docilla,singer,Guam
128,Ulrike,Chandler,musician,Zimbabwe
129,Elie,Heidt,producer,Dominican Republic
130,Sara-Ann,Danby,producer,Montserrat
131,Addia,Lumbard,producer,Samoa
132,Janey,Suzetta,producer,New Zealand
133,Chloris,Hunfredo,singer,Gibraltar
134,Jorry,Eiser,producer,British Indian Ocean Territory
135,Charissa,Orpah,musician,El Salvador
136,Hannis,Forrer,musician,"Tanzania, United Republic of"
137,Roxane,Stevy,musician,"Palestinian Territory, Occupied"
138,Marcelline,Tryck,musician,Pakistan
139,Kary,Knowling,singer,Macao
140,Nananne,Guildroy,singer,South Georgia and the South Sandwich Islands
141,Theodora,Yam,musician,Libyan Arab Jamahiriya
142,Ashlee,Jagir,singer,Sierra Leone
143,Daune,Bluh,singer,Tokelau
144,Doro,Faria,musician,Switzerland
145,Jorry,Guthrie,producer,Cuba
146,Keelia,Himelman,singer,"Korea, Democratic People""S Republic of"
147,Natka,Cleo,singer,"Iran, Islamic Republic Of"
148,Nickie,Pip,producer,"Lao People""S Democratic Republic"
149,Claudina,Yerkovich,singer,Northern Mariana Islands
150,Elie,Bates,musician,"Palestinian Territory, Occupied"
151,Melodie,Rad,producer,Tajikistan
152,Brandise,Clarissa,producer,Bulgaria
153,Belinda,Silvan,producer,Costa Rica
154,Elora,Fancie,singer,Lesotho
155,Frieda,Elsinore,producer,Vanuatu
156,Elka,Lamoree,producer,Honduras
157,Daryl,Euridice,musician,Czech Republic
158,Estell,Cynar,producer,Bahrain
159,Paola,Latini,singer,French Guiana
160,Ariela,Neva,producer,Russian Federation
161,Marnia,Shuler,musician,Bangladesh
162,Elka,Hashim,singer,Bolivia
163,Mary,Khorma,musician,Holy See (Vatican City State)
164,Frieda,Vilma,singer,Uganda
165,Maud,Noman,producer,Mauritius
166,Trudie,Thema,producer,Russian Federation
167,Cyndie,Thomasina,musician,Burkina Faso
168,Charissa,Buttaro,singer,"Macedonia, The Former Yugoslav Republic of"
169,Frances,Zenas,singer,Swaziland
170,Brietta,Amand,musician,Belgium
171,Shauna,Laurianne,singer,Nicaragua
172,Binny,Kamaria,musician,Norway
173,Judy,Douglass,musician,El Salvador
174,Britni,Flyn,producer,Mongolia
175,Regina,Annice,singer,Western Sahara
176,Kylynn,Ade,singer,Venezuela
177,Gretal,Mendez,musician,Qatar
178,Lorne,Dorine,producer,Svalbard and Jan Mayen
179,Antonietta,Kirbee,musician,"Palestinian Territory, Occupied"
180,Gabriellia,Jefferey,producer,Zimbabwe
181,Ellette,Girardo,musician,Eritrea
182,Lyssa,Ledah,musician,Bhutan
183,Shirlee,Gower,producer,Burkina Faso
184,Gusty,Bury,singer,Tuvalu
185,Vonny,Reinke,singer,Gabon
186,Melanie,Durante,singer,Djibouti
187,Leanna,Lane,singer,United Arab Emirates
188,Raquela,Hartnett,singer,Saint Kitts and Nevis
189,Zsa Zsa,Darian,producer,Wallis and Futuna
190,Eve,Janene,musician,Jordan
191,Olwen,Couture,musician,Sierra Leone
192,Roberta,Emanuel,producer,Libyan Arab Jamahiriya
193,Kimberley,Love,musician,Uruguay
194,Sue,Erskine,producer,Comoros
195,Anthia,Goddard,musician,American Samoa
196,Johna,Dosia,singer,Malaysia
197,Reeba,Ciro,musician,Guatemala
198,Marcy,Rosalba,singer,"Virgin Islands, U.S."
199,Tybie,Hourigan,musician,Kiribati